1 Mose;1
2 Mose;2
3 Mose;3
4 Mose;4
5 Mose;5
1.Mose;1
2.Mose;2
3.Mose;3
4.Mose;4
5.Mose;5
1Mose;1
2Mose;2
3Mose;3
4Mose;4
5Mose;5
Josua;6
Richter;7
Rut;8
1 Samuel;9
2 Samuel;10
1 Könige;11
2 Könige;12
1 Chronik;13
2 Chronik;14
1.Samuel;9
2.Samuel;10
1.Könige;11
2.Könige;12
1.Kön;11
2.Kön;12
1Kön;11
2Kön;12
1.Chronik;13
2.Chronik;14
1Chr;13
2Chr;14
1Samuel;9
2Samuel;10
1Könige;11
2Könige;12
1Chronik;13
2Chronik;14
Esra;15
Nehemia;16
Ester;17
Hiob;18
Psalm;19
Sprüche;20
Prediger;21
Hohelied;22
Jesaja;23
Jeremia;24
Klagelieder;25
Klgl;25
Hesekiel;26
Daniel;27
Hosea;28
Joel;29
Amos;30
Obadja;31
Jona;32
Micha;33
Nahum;34
Habakuk;35
Zefanja;36
Haggai;37
Sacharja;38
Maleachi;39
Matthaus;40
Markus;41
Lukas;42
Johannes;43
Apostelgeschichte;44
Romer;45
1 Korinther;46
2 Korinther;47
1.Korinther;46
2.Korinther;47
1Korinther;46
2Korinther;47
Galater;48
Epheser;49
Philipper;50
Kolosser;51
1 Thessalonicher;52
2 Thessalonicher;53
1 Timotheus;54
2 Timotheus;55
1.Thessalonicher;52
2.Thessalonicher;53
1.Timotheus;54
2.Timotheus;55
1Thessalonicher;52
2Thessalonicher;53
1Timotheus;54
2Timotheus;55
Titus;56
Philemon;57
Hebraer;58
Jakobus;59
1 Petrus;60
2 Petrus;61
1 Johannes;62
2 Johannes;63
3 Johannes;64
1.Petrus;60
2.Petrus;61
1.Johannes;62
2.Johannes;63
3.Johannes;64
1Petrus;60
2Petrus;61
1Johannes;62
2Johannes;63
3Johannes;64
Judas;65
Offenbarung;66
Das erste Buch Mose;1
Das zweite Buch Mose;2
Das dritte Buch Mose;3
Das vierte Buch Mose;4
Das fünfte Buch Mose;5
Das Buch Josua;6
Das Buch über die Richter;7
Das Buch Rut;8
Das erste Buch Samuel;9
Das zweite Buch Samuel;10
Das erste Buch über die Könige;11
Das zweite Buch über die Könige;12
Das erste Buch der Chronik;13
Das zweite Buch der Chronik;14
Das Buch Esra;15
Das Buch Nehemia;16
Das Buch Ester;17
Das Buch Hiob (Ijob);18
Die Psalmen;19
Die Sammlung der Sprüche;20
Der Prediger Salomo;21
Das Lied von der Liebe;22
Der Prophet Jesaja;23
Der Prophet Jeremia;24
Die Klagelieder des Jeremia;25
Der Prophet Hesekiel (Ezechiel);26
Das Buch Daniel;27
Der Prophet Hosea;28
Der Prophet Joel;29
Der Prophet Amos;30
Der Prophet Obadja;31
Der Prophet Jona;32
Der Prophet Micha;33
Der Prophet Nahum;34
Der Prophet Habakuk;35
Der Prophet Zefanja;36
Der Prophet Haggai;37
Der Prophet Sacharja;38
Der Prophet Maleachi;39
Mt;40
Mk;41
Lk;42
Joh;43
Apg;44
Röm;45
1 Kor;46
2 Kor;47
1.Kor;46
2.Kor;47
1Kor;46
2Kor;47
Gal;48
Eph;49
Phil;50
Kol;51
1 Thess;52
2 Thess;53
1 Tim;54
2 Tim;55
1.Thess;52
2.Thess;53
1.Tim;54
2.Tim;55
1Thess;52
2Thess;53
1Tim;54
2Tim;55
Tit;56
Phlm;57
Hebr;58
Jak;59
1 Petr;60
2 Petr;61
1 Joh;62
2 Joh;63
3 Joh;64
1.Petr;60
2.Petr;61
1.Joh;62
2.Joh;63
3.Joh;64
1Petr;60
2Petr;61
1Joh;62
2Joh;63
3Joh;64
Jud;65
Offb;66
1. Mose;1
2. Mose;2
3. Mose;3
4. Mose;4
5. Mose;5
Josua;6
Jos;6
Richter;7
Ri;7
Ruth;8
1. Samuel;9
2. Samuel;10
1. Könige;11
2. Könige;12
1. Chronika;13
2. Chronika;14
Esra;15
Nehemia;16
Esther;17
Hiob;18
Psalm;19
Sprüche;20
Prediger;21
Hohelied;22
Jesaja;23
Jes;23
Jeremia;24
Klagelieder;25
Hesekiel;26
Daniel;27
Hosea;28
Joel;29
Amos;30
Obadja;31
Jona;32
Micha;33
Nahum;34
Habakuk;35
Zephanja;36
Haggai;37
Sacharja;38
Maleachi;39
Matthäus;40
Markus;41
Lukas;42
Johannes;43
Apostelgeschichte;44
Römer;45
1. Korinther;46
2. Korinther;47
Galater;48
Epheser;49
Philipper;50
Kolosser;51
1. Thessalonicher;52
2. Thessalonicher;53
1. Timotheus;54
2. Timotheus;55
Titus;56
Philemon;57
Hebräer;58
Jakobus;59
1. Petrus;60
2. Petrus;61
1. Johannes;62
2. Johannes;63
3. Johannes;64
Judas;65
Offenbarung;66
1.Mose;1
2.Mose;2
3.Mose;3
4.Mose;4
5.Mose;5
Jos;6
Ri;7
Ruth;8
1.Sam;9
2.Sam;10
1.Kön;11
2.Kön;12
1.Chr;13
2.Chr;14
Esra;15
Neh;16
Esth;17
Hiob;18
Ps;19
Spr;20
Pred;21
Hld;22
Jes;23
Jer;24
Klgl;25
Hes;26
Dan;27
Hos;28
Joel;29
Amos;30
Obd;31
Jona;32
Mi;33
Nah;34
Hab;35
Zeph;36
Hag;37
Sach;38
Mal;39